Student Roll, Student Name, Math, Chemistry, Physics, Percentage
 365, Naz365, 55.000000, 65.000000, 58.000000, 59.333332
 55, f, 66.000000, 66.000000, 33.000000, 55.000000
 66, p, 22.000000, 87.000000, 85.000000, 64.666664
 51, w, 56.000000, 54.000000, 53.000000, 54.333332
 35, b, 32.000000, 62.000000, 23.000000, 39.000000