Student Id, Student Name, Math, Chemistry, Physics, Percentage
 31, Nazmul, 99.000000, 100.000000, 100.000000, 99.666664
 22, Fahim, 33.000000, 34.000000, 33.000000, 33.333332
 29, Jonaed, 60.000000, 65.000000, 75.000000, 66.666664
 30, Sadman, 70.000000, 65.000000, 70.000000, 68.333336
 24, Shawon, 80.000000, 70.000000, 60.000000, 70.000000